Vx_rSquare,Vy_rSquare
0.6304584850829186,0.6585358367394596
